[{"CarNumber":"Y163O8161RUS","Refund":2.0,"Fines":3200.0,"Make":"Ford","Model":"Focus"},{"CarNumber":"E432XX77RUS","Refund":1.0,"Fines":6500.0,"Make":"Toyota","Model":"Camry"},{"CarNumber":"7184TT36RUS","Refund":1.0,"Fines":2100.0,"Make":"Ford","Model":"Focus"},{"CarNumber":"X582HE161RUS","Refund":2.0,"Fines":2000.0,"Make":"Ford","Model":"Focus"},{"CarNumber":"92918M178RUS","Refund":1.0,"Fines":5700.0,"Make":"Ford","Model":"Focus"},{"CarNumber":"H234YH197RUS","Refund":2.0,"Fines":6000.0,"Make":"Ford","Model":"Focus"},{"CarNumber":"E40577152RUS","Refund":1.0,"Fines":8594.5864661654,"Make":"Ford","Model":"Focus"},{"CarNumber":"707987163RUS","Refund":2.0,"Fines":2200.0,"Make":"Ford","Model":"Focus"},{"CarNumber":"K330T8197RUS","Refund":2.0,"Fines":8200.0,"Make":"Skoda","Model":"Octavia"},{"CarNumber":"X786CO96RUS","Refund":1.0,"Fines":8594.5864661654,"Make":"Ford","Model":"Focus"},{"CarNumber":"C477M7161RUS","Refund":1.0,"Fines":2500.0,"Make":"Ford","Model":"Focus"},{"CarNumber":"O21997197RUS","Refund":1.0,"Fines":2000.0,"Make":"Ford","Model":"Focus"},{"CarNumber":"M592CH197RUS","Refund":2.0,"Fines":8594.5864661654,"Make":"Skoda","Model":"Octavia"},{"CarNumber":"9020YC197RUS","Refund":2.0,"Fines":145000.0,"Make":"Skoda","Model":"Octavia"},{"CarNumber":"8182XX154RUS","Refund":1.0,"Fines":200.0,"Make":"Ford","Model":"Focus"},{"CarNumber":"7830C8197RUS","Refund":2.0,"Fines":8594.5864661654,"Make":"Ford","Model":"Focus"},{"CarNumber":"7066C8197RUS","Refund":2.0,"Fines":15000.0,"Make":"Volkswagen","Model":"Passat"},{"CarNumber":"M298CH161RUS","Refund":2.0,"Fines":8594.5864661654,"Make":"Ford","Model":"Focus"},{"CarNumber":"E445TC197RUS","Refund":1.0,"Fines":8594.5864661654,"Make":"Ford","Model":"Focus"},{"CarNumber":"8440XX154RUS","Refund":1.0,"Fines":6200.0,"Make":"Ford","Model":"Focus"},{"CarNumber":"9371CE154RUS","Refund":2.0,"Fines":8594.5864661654,"Make":"Skoda","Model":"Octavia"},{"CarNumber":"9182CE154RUS","Refund":2.0,"Fines":19800.0,"Make":"Ford","Model":"Focus"},{"CarNumber":"83298C154RUS","Refund":2.0,"Fines":8594.5864661654,"Make":"Ford","Model":"Focus"},{"CarNumber":"Y7659C197RUS","Refund":2.0,"Fines":8594.5864661654,"Make":"Ford","Model":"Focus"},{"CarNumber":"C922YE197RUS","Refund":2.0,"Fines":3800.0,"Make":"Volkswagen","Model":"Golf"},{"CarNumber":"7364C8197RUS","Refund":2.0,"Fines":8594.5864661654,"Make":"Ford","Model":"Focus"},{"CarNumber":"M5039X197RUS","Refund":2.0,"Fines":7400.0,"Make":"Volkswagen","Model":null},{"CarNumber":"8603T8154RUS","Refund":1.0,"Fines":1500.0,"Make":"Ford","Model":"Focus"},{"CarNumber":"92928M178RUS","Refund":1.0,"Fines":8594.5864661654,"Make":"Ford","Model":"Focus"},{"CarNumber":"O672E8197RUS","Refund":2.0,"Fines":63300.0,"Make":"Skoda","Model":"Octavia"},{"CarNumber":"E42277152RUS","Refund":2.0,"Fines":10600.0,"Make":"Ford","Model":"Focus"},{"CarNumber":"C903MC161RUS","Refund":1.0,"Fines":1600.0,"Make":"Volkswagen","Model":"Jetta"},{"CarNumber":"T7318T163RUS","Refund":2.0,"Fines":12000.0,"Make":"Toyota","Model":"Camry"},{"CarNumber":"Y7719C197RUS","Refund":1.0,"Fines":9200.0,"Make":"Ford","Model":"Focus"},{"CarNumber":"T011MY163RUS","Refund":1.0,"Fines":2000.0,"Make":"Ford","Model":"Focus"},{"CarNumber":"H115YO163RUS","Refund":1.0,"Fines":2200.0,"Make":"Ford","Model":"Focus"},{"CarNumber":"73467Y96RUS","Refund":1.0,"Fines":800.0,"Make":"Ford","Model":"Focus"},{"CarNumber":"O134HE197RUS","Refund":1.0,"Fines":8594.5864661654,"Make":"Ford","Model":"Focus"},{"CarNumber":"H968HY161RUS","Refund":1.0,"Fines":2400.0,"Make":"Ford","Model":"Focus"},{"CarNumber":"Y654E8750RUS","Refund":1.0,"Fines":500.0,"Make":"Skoda","Model":"Octavia"},{"CarNumber":"H963HY161RUS","Refund":2.0,"Fines":2800.0,"Make":"Ford","Model":"Focus"},{"CarNumber":"H232YH197RUS","Refund":2.0,"Fines":8600.0,"Make":"Ford","Model":"Focus"},{"CarNumber":"7843C8197RUS","Refund":2.0,"Fines":12300.0,"Make":"Ford","Model":"Focus"},{"CarNumber":"X791O796RUS","Refund":1.0,"Fines":500.0,"Make":"Ford","Model":"Focus"},{"CarNumber":"H958HY161RUS","Refund":1.0,"Fines":1800.0,"Make":"Ford","Model":"Focus"},{"CarNumber":"708587163RUS","Refund":2.0,"Fines":1400.0,"Make":"Ford","Model":"Focus"},{"CarNumber":"Y973O8197RUS","Refund":2.0,"Fines":8594.5864661654,"Make":"Ford","Model":"Focus"},{"CarNumber":"97977H178RUS","Refund":1.0,"Fines":1000.0,"Make":"Ford","Model":"Focus"},{"CarNumber":"H917TC36RUS","Refund":2.0,"Fines":4000.0,"Make":"Ford","Model":"Focus"},{"CarNumber":"X786CO96RUS","Refund":1.0,"Fines":1000.0,"Make":"Ford","Model":"Focus"},{"CarNumber":"Y7709C197RUS","Refund":1.0,"Fines":500.0,"Make":"Ford","Model":"Focus"},{"CarNumber":"8513XX154RUS","Refund":1.0,"Fines":1500.0,"Make":"Ford","Model":"Focus"},{"CarNumber":"T870X7163RUS","Refund":2.0,"Fines":2000.0,"Make":"Skoda","Model":"Octavia"},{"CarNumber":"8818C877RUS","Refund":1.0,"Fines":2500.0,"Make":"Volkswagen","Model":"Passat"},{"CarNumber":"T395OT197RUS","Refund":2.0,"Fines":8594.5864661654,"Make":"Volkswagen","Model":"Touareg"},{"CarNumber":"K327T8197RUS","Refund":2.0,"Fines":20800.0,"Make":"Volkswagen","Model":"Golf"},{"CarNumber":"8311XX154RUS","Refund":2.0,"Fines":8600.0,"Make":"Ford","Model":"Focus"},{"CarNumber":"X423MK197RUS","Refund":2.0,"Fines":14300.0,"Make":"Ford","Model":"Focus"},{"CarNumber":"96429X178RUS","Refund":1.0,"Fines":2600.0,"Make":"Ford","Model":"Focus"},{"CarNumber":"O275O7161RUS","Refund":2.0,"Fines":16600.0,"Make":"Ford","Model":"Focus"},{"CarNumber":"7789KT197RUS","Refund":2.0,"Fines":12600.0,"Make":"Ford","Model":"Focus"},{"CarNumber":"E28877161RUS","Refund":1.0,"Fines":1000.0,"Make":"Ford","Model":"Focus"},{"CarNumber":"T6068M116RUS","Refund":1.0,"Fines":1000.0,"Make":"Ford","Model":"Focus"},{"CarNumber":"9498KX178RUS","Refund":2.0,"Fines":1600.0,"Make":"Ford","Model":"Focus"},{"CarNumber":"99209X178RUS","Refund":1.0,"Fines":500.0,"Make":"Skoda","Model":"Octavia"},{"CarNumber":"T6449O50RUS","Refund":2.0,"Fines":8594.5864661654,"Make":"Ford","Model":"Focus"},{"CarNumber":"9683EC178RUS","Refund":2.0,"Fines":26000.0,"Make":"Ford","Model":"Focus"},{"CarNumber":"Y353O8197RUS","Refund":2.0,"Fines":21800.0,"Make":"Ford","Model":"Focus"},{"CarNumber":"O719MM163RUS","Refund":2.0,"Fines":2300.0,"Make":"Ford","Model":"Focus"},{"CarNumber":"E535MM199RUS","Refund":1.0,"Fines":500.0,"Make":"Volkswagen","Model":"Touareg"},{"CarNumber":"Y352O8197RUS","Refund":2.0,"Fines":103600.0,"Make":"Ford","Model":"Focus"},{"CarNumber":"7788KT197RUS","Refund":2.0,"Fines":12000.0,"Make":"Ford","Model":"Focus"},{"CarNumber":"E807HE77RUS","Refund":2.0,"Fines":4500.0,"Make":"Ford","Model":"Focus"},{"CarNumber":"M516CH161RUS","Refund":1.0,"Fines":1000.0,"Make":"Ford","Model":"Focus"},{"CarNumber":"89587X197RUS","Refund":1.0,"Fines":8594.5864661654,"Make":"Toyota","Model":"Camry"},{"CarNumber":"7781KT197RUS","Refund":2.0,"Fines":600.0,"Make":"Ford","Model":"Focus"},{"CarNumber":"E645TH36RUS","Refund":1.0,"Fines":2400.0,"Make":"Ford","Model":"Focus"},{"CarNumber":"Y302E877RUS","Refund":1.0,"Fines":500.0,"Make":"Ford","Model":"Focus"},{"CarNumber":"M058XE36RUS","Refund":2.0,"Fines":8500.0,"Make":"Skoda","Model":"Octavia"},{"CarNumber":"7830C8197RUS","Refund":1.0,"Fines":5100.0,"Make":"Ford","Model":"Focus"},{"CarNumber":"8166XX154RUS","Refund":1.0,"Fines":2400.0,"Make":"Ford","Model":"Focus"},{"CarNumber":"M589CH197RUS","Refund":2.0,"Fines":7900.0,"Make":"Volkswagen","Model":null},{"CarNumber":"9408H7178RUS","Refund":1.0,"Fines":1000.0,"Make":"Skoda","Model":"Octavia"},{"CarNumber":"H387TM197RUS","Refund":2.0,"Fines":1600.0,"Make":"Volkswagen","Model":"Passat"},{"CarNumber":"8049HT125RUS","Refund":1.0,"Fines":500.0,"Make":"Ford","Model":"Focus"},{"CarNumber":"9698MO178RUS","Refund":2.0,"Fines":18400.0,"Make":"Volkswagen","Model":"Golf"},{"CarNumber":"8685HE154RUS","Refund":1.0,"Fines":1000.0,"Make":"Ford","Model":"Focus"},{"CarNumber":"7177TT36RUS","Refund":1.0,"Fines":1000.0,"Make":"Ford","Model":"Focus"},{"CarNumber":"O77997197RUS","Refund":1.0,"Fines":22400.0,"Make":"Ford","Model":"Focus"},{"CarNumber":"Y234E877RUS","Refund":1.0,"Fines":8594.5864661654,"Make":"Ford","Model":"Focus"},{"CarNumber":"97987H178RUS","Refund":2.0,"Fines":5000.0,"Make":"Ford","Model":"Focus"},{"CarNumber":"X257HE161RUS","Refund":2.0,"Fines":10000.0,"Make":"Ford","Model":"Focus"},{"CarNumber":"T399KX197RUS","Refund":2.0,"Fines":10200.0,"Make":"Ford","Model":"Focus"},{"CarNumber":"H957HY161RUS","Refund":1.0,"Fines":2000.0,"Make":"Ford","Model":"Focus"},{"CarNumber":"K379HY161RUS","Refund":1.0,"Fines":200.0,"Make":"Volkswagen","Model":"Golf"},{"CarNumber":"T654HT96RUS","Refund":1.0,"Fines":4000.0,"Make":"Toyota","Model":"Corolla"},{"CarNumber":"8439XX154RUS","Refund":2.0,"Fines":4600.0,"Make":"Ford","Model":"Focus"},{"CarNumber":"Y965EE197RUS","Refund":2.0,"Fines":9600.0,"Make":"Ford","Model":"Focus"},{"CarNumber":"X758HY197RUS","Refund":2.0,"Fines":24200.0,"Make":"Ford","Model":"Focus"},{"CarNumber":"M0279X197RUS","Refund":2.0,"Fines":180000.0,"Make":"Ford","Model":"Focus"},{"CarNumber":"H224X836RUS","Refund":1.0,"Fines":3500.0,"Make":"Ford","Model":"Focus"},{"CarNumber":"E6849O154RUS","Refund":1.0,"Fines":200.0,"Make":"Volkswagen","Model":"Golf"},{"CarNumber":"O83797197RUS","Refund":2.0,"Fines":75900.0,"Make":"Ford","Model":"Focus"},{"CarNumber":"9402KK197RUS","Refund":2.0,"Fines":8594.5864661654,"Make":"Toyota","Model":"Camry"},{"CarNumber":"7368C8197RUS","Refund":1.0,"Fines":4400.0,"Make":"Ford","Model":"Focus"},{"CarNumber":"H427YH197RUS","Refund":2.0,"Fines":29700.0,"Make":"Volkswagen","Model":"Passat"},{"CarNumber":"9583EY178RUS","Refund":2.0,"Fines":4300.0,"Make":"Ford","Model":"Focus"},{"CarNumber":"Y038E877RUS","Refund":2.0,"Fines":6500.0,"Make":"Ford","Model":"Focus"},{"CarNumber":"9822H8161RUS","Refund":1.0,"Fines":100.0,"Make":"Ford","Model":"Focus"},{"CarNumber":"7826C8197RUS","Refund":2.0,"Fines":3600.0,"Make":"Ford","Model":"Focus"},{"CarNumber":"E160YX77RUS","Refund":2.0,"Fines":2200.0,"Make":"Ford","Model":"Focus"},{"CarNumber":"82337X197RUS","Refund":2.0,"Fines":2100.0,"Make":"Ford","Model":"Focus"},{"CarNumber":"X757HY197RUS","Refund":2.0,"Fines":6800.0,"Make":"Ford","Model":"Focus"},{"CarNumber":"X765HY197RUS","Refund":2.0,"Fines":13900.0,"Make":"Ford","Model":"Focus"},{"CarNumber":"934497178RUS","Refund":2.0,"Fines":1900.0,"Make":"Skoda","Model":"Octavia"},{"CarNumber":"K2807K154RUS","Refund":1.0,"Fines":1000.0,"Make":"Ford","Model":"Focus"},{"CarNumber":"T8008Y125RUS","Refund":2.0,"Fines":1000.0,"Make":"Ford","Model":"Focus"},{"CarNumber":"X765HY197RUS","Refund":2.0,"Fines":27800.0,"Make":"Ford","Model":"Focus"},{"CarNumber":"Y960EE197RUS","Refund":1.0,"Fines":8594.5864661654,"Make":"Skoda","Model":"Octavia"},{"CarNumber":"7840C8197RUS","Refund":2.0,"Fines":7000.0,"Make":"Ford","Model":"Focus"},{"CarNumber":"K846YE77RUS","Refund":2.0,"Fines":2000.0,"Make":"Volkswagen","Model":"Passat"},{"CarNumber":"E40577152RUS","Refund":1.0,"Fines":500.0,"Make":"Ford","Model":"Focus"},{"CarNumber":"7827C8197RUS","Refund":1.0,"Fines":7500.0,"Make":"Ford","Model":"Focus"},{"CarNumber":"Y655E8750RUS","Refund":2.0,"Fines":5200.0,"Make":"Skoda","Model":"Octavia"},{"CarNumber":"H003MH197RUS","Refund":2.0,"Fines":2900.0,"Make":"Ford","Model":"Focus"},{"CarNumber":"Y7699C197RUS","Refund":2.0,"Fines":15800.0,"Make":"Ford","Model":"Focus"},{"CarNumber":"Y8399C197RUS","Refund":2.0,"Fines":1800.0,"Make":"Ford","Model":"Focus"},{"CarNumber":"9135X938RUS","Refund":2.0,"Fines":4400.0,"Make":"Ford","Model":"Focus"},{"CarNumber":"H385TM197RUS","Refund":1.0,"Fines":9500.0,"Make":"Volkswagen","Model":"Passat"},{"CarNumber":"9428EX178RUS","Refund":1.0,"Fines":1000.0,"Make":"Ford","Model":"Focus"},{"CarNumber":"H837YK197RUS","Refund":2.0,"Fines":4200.0,"Make":"Audi","Model":null},{"CarNumber":"O83597197RUS","Refund":2.0,"Fines":4000.0,"Make":"Ford","Model":"Focus"},{"CarNumber":"E42577152RUS","Refund":2.0,"Fines":8594.5864661654,"Make":"Ford","Model":"Focus"},{"CarNumber":"E53277152RUS","Refund":1.0,"Fines":1000.0,"Make":"Ford","Model":"Focus"},{"CarNumber":"C476M7161RUS","Refund":2.0,"Fines":1500.0,"Make":"Ford","Model":"Focus"},{"CarNumber":"9943KK197RUS","Refund":2.0,"Fines":29700.0,"Make":"Ford","Model":"Focus"},{"CarNumber":"8165XX154RUS","Refund":1.0,"Fines":4900.0,"Make":"Ford","Model":"Focus"},{"CarNumber":"T476KX197RUS","Refund":1.0,"Fines":1500.0,"Make":"Ford","Model":"Focus"},{"CarNumber":"C422X938RUS","Refund":2.0,"Fines":10500.0,"Make":"Ford","Model":"Focus"},{"CarNumber":"K328T8197RUS","Refund":1.0,"Fines":300.0,"Make":"Volkswagen","Model":"Golf"},{"CarNumber":"9466EX178RUS","Refund":2.0,"Fines":800.0,"Make":"Ford","Model":"Focus"},{"CarNumber":"X256HE161RUS","Refund":1.0,"Fines":2400.0,"Make":"Ford","Model":"Focus"},{"CarNumber":"Y275O8197RUS","Refund":1.0,"Fines":8594.5864661654,"Make":"Ford","Model":"Focus"},{"CarNumber":"8165XX154RUS","Refund":2.0,"Fines":4200.0,"Make":"Ford","Model":"Focus"},{"CarNumber":"E432XX77RUS","Refund":2.0,"Fines":13000.0,"Make":"Toyota","Model":"Camry"},{"CarNumber":"7830C8197RUS","Refund":2.0,"Fines":10200.0,"Make":"Ford","Model":"Focus"},{"CarNumber":"H217X836RUS","Refund":1.0,"Fines":2000.0,"Make":"Ford","Model":"Focus"},{"CarNumber":"Y316E877RUS","Refund":2.0,"Fines":7000.0,"Make":"Ford","Model":"Focus"},{"CarNumber":"934497178RUS","Refund":1.0,"Fines":3800.0,"Make":"Skoda","Model":"Octavia"},{"CarNumber":"O77997197RUS","Refund":2.0,"Fines":8594.5864661654,"Make":"Ford","Model":"Focus"},{"CarNumber":"8601XX154RUS","Refund":1.0,"Fines":1300.0,"Make":"Skoda","Model":"Octavia"},{"CarNumber":"M741T9152RUS","Refund":2.0,"Fines":1000.0,"Make":"Ford","Model":"Focus"},{"CarNumber":"9883HX152RUS","Refund":2.0,"Fines":1000.0,"Make":"Ford","Model":"Focus"},{"CarNumber":"Y6829Y50RUS","Refund":1.0,"Fines":500.0,"Make":"Ford","Model":"Focus"},{"CarNumber":"H004MH197RUS","Refund":1.0,"Fines":39600.0,"Make":"Ford","Model":"Focus"},{"CarNumber":"704987163RUS","Refund":2.0,"Fines":8594.5864661654,"Make":"Ford","Model":"Focus"},{"CarNumber":"E160YX77RUS","Refund":2.0,"Fines":1100.0,"Make":"Ford","Model":"Focus"},{"CarNumber":"E316EH197RUS","Refund":1.0,"Fines":1300.0,"Make":"Volkswagen","Model":null},{"CarNumber":"X758HY197RUS","Refund":2.0,"Fines":72600.0,"Make":"Ford","Model":"Focus"},{"CarNumber":"O22297197RUS","Refund":1.0,"Fines":500.0,"Make":"Ford","Model":"Focus"},{"CarNumber":"O02597197RUS","Refund":1.0,"Fines":800.0,"Make":"Ford","Model":"Focus"},{"CarNumber":"X015HY197RUS","Refund":2.0,"Fines":16000.0,"Make":"Toyota","Model":"Corolla"},{"CarNumber":"T769OT197RUS","Refund":2.0,"Fines":30900.0,"Make":"Volkswagen","Model":"Golf"},{"CarNumber":"Y778EE197RUS","Refund":1.0,"Fines":24000.0,"Make":"Volkswagen","Model":"Golf"},{"CarNumber":"7829C8197RUS","Refund":2.0,"Fines":1800.0,"Make":"Ford","Model":"Focus"},{"CarNumber":"T272HH163RUS","Refund":1.0,"Fines":1000.0,"Make":"Ford","Model":"Focus"},{"CarNumber":"T018OX197RUS","Refund":2.0,"Fines":3400.0,"Make":"Toyota","Model":"Corolla"},{"CarNumber":"Y255E877RUS","Refund":1.0,"Fines":2500.0,"Make":"Ford","Model":"Focus"},{"CarNumber":"9182CE154RUS","Refund":2.0,"Fines":13200.0,"Make":"Ford","Model":"Focus"},{"CarNumber":"9697MO178RUS","Refund":1.0,"Fines":1000.0,"Make":"Volkswagen","Model":"Golf"},{"CarNumber":"C477M7161RUS","Refund":2.0,"Fines":5000.0,"Make":"Ford","Model":"Focus"},{"CarNumber":"T686EO197RUS","Refund":1.0,"Fines":500.0,"Make":"Toyota","Model":"Camry"},{"CarNumber":"C590EY154RUS","Refund":2.0,"Fines":8594.5864661654,"Make":"Ford","Model":"Focus"},{"CarNumber":"T941CC96RUS","Refund":1.0,"Fines":2000.0,"Make":"Ford","Model":"Focus"},{"CarNumber":"O22397197RUS","Refund":2.0,"Fines":55500.0,"Make":"Ford","Model":"Focus"},{"CarNumber":"X242EC197RUS","Refund":2.0,"Fines":10600.0,"Make":"Volkswagen","Model":"Golf"},{"CarNumber":"T020OX197RUS","Refund":1.0,"Fines":34300.0,"Make":"Toyota","Model":"Corolla"},{"CarNumber":"E33577152RUS","Refund":2.0,"Fines":2000.0,"Make":"Ford","Model":"Focus"},{"CarNumber":"Y973O8197RUS","Refund":1.0,"Fines":34800.0,"Make":"Ford","Model":"Focus"},{"CarNumber":"E773EH197RUS","Refund":2.0,"Fines":6800.0,"Make":"Ford","Model":"Focus"},{"CarNumber":"T6428M116RUS","Refund":2.0,"Fines":6000.0,"Make":"Ford","Model":"Focus"},{"CarNumber":"Y7129Y50RUS","Refund":2.0,"Fines":32000.0,"Make":"Ford","Model":"Focus"},{"CarNumber":"Y418EX197RUS","Refund":2.0,"Fines":900.0,"Make":"Volkswagen","Model":"Passat"},{"CarNumber":"Y7689C197RUS","Refund":1.0,"Fines":27000.0,"Make":"Ford","Model":"Focus"},{"CarNumber":"7066C8197RUS","Refund":1.0,"Fines":3000.0,"Make":"Volkswagen","Model":"Passat"},{"CarNumber":"E52877152RUS","Refund":1.0,"Fines":1500.0,"Make":"Ford","Model":"Focus"},{"CarNumber":"7369C8197RUS","Refund":2.0,"Fines":8594.5864661654,"Make":"Ford","Model":"Focus"},{"CarNumber":"Y166O8161RUS","Refund":1.0,"Fines":100.0,"Make":"Ford","Model":"Focus"},{"CarNumber":"705287163RUS","Refund":2.0,"Fines":2000.0,"Make":"Ford","Model":"Focus"},{"CarNumber":"K559KC161RUS","Refund":1.0,"Fines":100.0,"Make":"Ford","Model":"Focus"},{"CarNumber":"M0299X197RUS","Refund":2.0,"Fines":67200.0,"Make":"Ford","Model":"Focus"},{"CarNumber":"92928M178RUS","Refund":1.0,"Fines":600.0,"Make":"Ford","Model":"Focus"},{"CarNumber":"9822H8161RUS","Refund":1.0,"Fines":200.0,"Make":"Ford","Model":"Focus"},{"CarNumber":"8603T8154RUS","Refund":1.0,"Fines":3000.0,"Make":"Ford","Model":"Focus"},{"CarNumber":"84418C154RUS","Refund":1.0,"Fines":3000.0,"Make":"Ford","Model":"Focus"},{"CarNumber":"E53488152RUS","Refund":2.0,"Fines":1800.0,"Make":"Ford","Model":"Focus"},{"CarNumber":"9697MO178RUS","Refund":1.0,"Fines":500.0,"Make":"Volkswagen","Model":"Golf"},{"CarNumber":"Y7709C197RUS","Refund":1.0,"Fines":1500.0,"Make":"Ford","Model":"Focus"},{"CarNumber":"90159H178RUS","Refund":2.0,"Fines":600.0,"Make":"Volkswagen","Model":"Passat"},{"CarNumber":"C798ET50RUS","Refund":1.0,"Fines":10000.0,"Make":"Ford","Model":"Focus"},{"CarNumber":"Y193O8161RUS","Refund":2.0,"Fines":600.0,"Make":"Ford","Model":"Focus"},{"CarNumber":"7248C8197RUS","Refund":2.0,"Fines":8600.0,"Make":"Ford","Model":"Mondeo"},{"CarNumber":"Y275O8197RUS","Refund":1.0,"Fines":6000.0,"Make":"Ford","Model":"Focus"},{"CarNumber":"K357YE77RUS","Refund":1.0,"Fines":5000.0,"Make":"Volkswagen","Model":"Golf"},{"CarNumber":"9697MO178RUS","Refund":1.0,"Fines":8594.5864661654,"Make":"Volkswagen","Model":"Golf"},{"CarNumber":"E0697X152RUS","Refund":1.0,"Fines":2000.0,"Make":"Skoda","Model":"Octavia"},{"CarNumber":"E40877152RUS","Refund":1.0,"Fines":1000.0,"Make":"Ford","Model":"Focus"},{"CarNumber":"Y351O8197RUS","Refund":1.0,"Fines":1500.0,"Make":"Ford","Model":"Focus"},{"CarNumber":"Y356O8197RUS","Refund":2.0,"Fines":45900.0,"Make":"Ford","Model":"Focus"},{"CarNumber":"O6939X163RUS","Refund":1.0,"Fines":7200.0,"Make":"Ford","Model":"Focus"},{"CarNumber":"Y7649C197RUS","Refund":2.0,"Fines":5300.0,"Make":"Ford","Model":"Focus"},{"CarNumber":"9935TE152RUS","Refund":2.0,"Fines":2500.0,"Make":"Ford","Model":"Focus"},{"CarNumber":"704687163RUS","Refund":2.0,"Fines":1400.0,"Make":"Ford","Model":"Focus"},{"CarNumber":"7197TT36RUS","Refund":2.0,"Fines":6800.0,"Make":"Ford","Model":"Focus"},{"CarNumber":"X765HY197RUS","Refund":2.0,"Fines":41700.0,"Make":"Ford","Model":"Focus"},{"CarNumber":"H115YO163RUS","Refund":1.0,"Fines":8594.5864661654,"Make":"Ford","Model":"Focus"},{"CarNumber":"O143HO197RUS","Refund":2.0,"Fines":30300.0,"Make":"Toyota","Model":"Corolla"},{"CarNumber":"K436MO152RUS","Refund":1.0,"Fines":1500.0,"Make":"Ford","Model":"Focus"},{"CarNumber":"9938OH154RUS","Refund":1.0,"Fines":500.0,"Make":"Skoda","Model":"Octavia"},{"CarNumber":"E34877152RUS","Refund":2.0,"Fines":6100.0,"Make":"Ford","Model":"Focus"},{"CarNumber":"E5878M777RUS","Refund":1.0,"Fines":8500.0,"Make":"Skoda","Model":"Octavia"},{"CarNumber":"E33577152RUS","Refund":1.0,"Fines":1000.0,"Make":"Ford","Model":"Focus"},{"CarNumber":"7844C8197RUS","Refund":2.0,"Fines":34000.0,"Make":"Ford","Model":"Focus"},{"CarNumber":"X256HE161RUS","Refund":2.0,"Fines":800.0,"Make":"Ford","Model":"Focus"},{"CarNumber":"C584EY154RUS","Refund":1.0,"Fines":500.0,"Make":"Ford","Model":"Focus"},{"CarNumber":"E28977161RUS","Refund":2.0,"Fines":1500.0,"Make":"Ford","Model":"Focus"},{"CarNumber":"T016OX197RUS","Refund":2.0,"Fines":3200.0,"Make":"Toyota","Model":"Corolla"},{"CarNumber":"H889YK197RUS","Refund":2.0,"Fines":10600.0,"Make":"Ford","Model":"Focus"},{"CarNumber":"7363C8197RUS","Refund":2.0,"Fines":1600.0,"Make":"Ford","Model":"Focus"},{"CarNumber":"T6039O50RUS","Refund":2.0,"Fines":1500.0,"Make":"Ford","Model":"Focus"},{"CarNumber":"7365C8197RUS","Refund":1.0,"Fines":2300.0,"Make":"Ford","Model":"Focus"},{"CarNumber":"Y967O8197RUS","Refund":1.0,"Fines":4000.0,"Make":"Ford","Model":"Focus"},{"CarNumber":"E816HE77RUS","Refund":1.0,"Fines":3000.0,"Make":"Ford","Model":"Focus"},{"CarNumber":"T6329O50RUS","Refund":1.0,"Fines":500.0,"Make":"Ford","Model":"Focus"},{"CarNumber":"X504X8197RUS","Refund":1.0,"Fines":8594.5864661654,"Make":"Skoda","Model":"Octavia"},{"CarNumber":"M581CH197RUS","Refund":1.0,"Fines":200.0,"Make":"Ford","Model":"Focus"},{"CarNumber":"X523OM161RUS","Refund":2.0,"Fines":800.0,"Make":"Ford","Model":"Focus"},{"CarNumber":"C412X938RUS","Refund":1.0,"Fines":1000.0,"Make":"Ford","Model":"Focus"},{"CarNumber":"7831C8197RUS","Refund":2.0,"Fines":3400.0,"Make":"Ford","Model":"Focus"},{"CarNumber":"8164XX154RUS","Refund":2.0,"Fines":4400.0,"Make":"Ford","Model":"Focus"},{"CarNumber":"H004MH197RUS","Refund":2.0,"Fines":9900.0,"Make":"Ford","Model":"Focus"},{"CarNumber":"X015HY197RUS","Refund":2.0,"Fines":24000.0,"Make":"Toyota","Model":"Corolla"},{"CarNumber":"T6419O50RUS","Refund":2.0,"Fines":9000.0,"Make":"Ford","Model":"Focus"},{"CarNumber":"E822TH36RUS","Refund":2.0,"Fines":12900.0,"Make":"Ford","Model":"Focus"},{"CarNumber":"8437XX154RUS","Refund":1.0,"Fines":8594.5864661654,"Make":"Ford","Model":"Focus"},{"CarNumber":"E445TC197RUS","Refund":1.0,"Fines":3400.0,"Make":"Ford","Model":"Focus"},{"CarNumber":"C515X938RUS","Refund":1.0,"Fines":1900.0,"Make":"Ford","Model":"Focus"},{"CarNumber":"7172TT36RUS","Refund":2.0,"Fines":5700.0,"Make":"Ford","Model":"Focus"},{"CarNumber":"8436XX154RUS","Refund":1.0,"Fines":800.0,"Make":"Ford","Model":"Focus"},{"CarNumber":"E79988152RUS","Refund":1.0,"Fines":500.0,"Make":"Ford","Model":"Focus"},{"CarNumber":"8180XX154RUS","Refund":1.0,"Fines":2800.0,"Make":"Ford","Model":"Focus"},{"CarNumber":"84438C154RUS","Refund":2.0,"Fines":3800.0,"Make":"Ford","Model":"Focus"},{"CarNumber":"T6309O50RUS","Refund":2.0,"Fines":24000.0,"Make":"Ford","Model":"Focus"},{"CarNumber":"T6129O50RUS","Refund":2.0,"Fines":6000.0,"Make":"Ford","Model":"Focus"},{"CarNumber":"K339T8197RUS","Refund":2.0,"Fines":19200.0,"Make":"Ford","Model":"Focus"},{"CarNumber":"8685HE154RUS","Refund":1.0,"Fines":2000.0,"Make":"Ford","Model":"Focus"},{"CarNumber":"X782CO96RUS","Refund":1.0,"Fines":8594.5864661654,"Make":"Ford","Model":"Focus"},{"CarNumber":"E591HE77RUS","Refund":2.0,"Fines":6000.0,"Make":"Ford","Model":"Focus"},{"CarNumber":"89587X197RUS","Refund":1.0,"Fines":4400.0,"Make":"Toyota","Model":"Camry"},{"CarNumber":"9499KX178RUS","Refund":1.0,"Fines":2300.0,"Make":"Ford","Model":"Focus"},{"CarNumber":"8818C877RUS","Refund":1.0,"Fines":5000.0,"Make":"Volkswagen","Model":"Passat"},{"CarNumber":"Y357O8197RUS","Refund":1.0,"Fines":2200.0,"Make":"Ford","Model":"Focus"},{"CarNumber":"Y652O8197RUS","Refund":1.0,"Fines":5800.0,"Make":"Volkswagen","Model":"Touareg"},{"CarNumber":"X767HY197RUS","Refund":2.0,"Fines":18000.0,"Make":"Ford","Model":"Focus"},{"CarNumber":"H220X836RUS","Refund":1.0,"Fines":7000.0,"Make":"Ford","Model":"Focus"},{"CarNumber":"H218X836RUS","Refund":2.0,"Fines":17500.0,"Make":"Ford","Model":"Focus"},{"CarNumber":"T913CT197RUS","Refund":1.0,"Fines":7900.0,"Make":"Toyota","Model":"Camry"},{"CarNumber":"T6439O50RUS","Refund":2.0,"Fines":16500.0,"Make":"Ford","Model":"Focus"},{"CarNumber":"7784KT197RUS","Refund":2.0,"Fines":13200.0,"Make":"Ford","Model":"Focus"},{"CarNumber":"X286TC36RUS","Refund":2.0,"Fines":8594.5864661654,"Make":"Ford","Model":"Focus"},{"CarNumber":"O752MX161RUS","Refund":1.0,"Fines":1300.0,"Make":"Ford","Model":"Focus"},{"CarNumber":"Y7449Y50RUS","Refund":1.0,"Fines":8000.0,"Make":"Ford","Model":"Focus"},{"CarNumber":"H115YO163RUS","Refund":2.0,"Fines":1100.0,"Make":"Ford","Model":"Focus"},{"CarNumber":"8818C877RUS","Refund":2.0,"Fines":10000.0,"Make":"Volkswagen","Model":"Passat"},{"CarNumber":"92828M178RUS","Refund":1.0,"Fines":300.0,"Make":"Ford","Model":"Focus"},{"CarNumber":"Y650E8750RUS","Refund":1.0,"Fines":500.0,"Make":"Skoda","Model":"Octavia"},{"CarNumber":"X767HY197RUS","Refund":2.0,"Fines":36000.0,"Make":"Ford","Model":"Focus"},{"CarNumber":"9498KX178RUS","Refund":2.0,"Fines":800.0,"Make":"Ford","Model":"Focus"},{"CarNumber":"83298C154RUS","Refund":1.0,"Fines":100.0,"Make":"Ford","Model":"Focus"},{"CarNumber":"8321XX154RUS","Refund":1.0,"Fines":100.0,"Make":"Ford","Model":"Focus"},{"CarNumber":"8316XX154RUS","Refund":1.0,"Fines":2200.0,"Make":"Ford","Model":"Focus"},{"CarNumber":"T017OX197RUS","Refund":2.0,"Fines":12700.0,"Make":"Toyota","Model":"Corolla"},{"CarNumber":"H977HY161RUS","Refund":1.0,"Fines":8594.5864661654,"Make":"Ford","Model":"Focus"},{"CarNumber":"7788KT197RUS","Refund":2.0,"Fines":8594.5864661654,"Make":"Ford","Model":"Focus"},{"CarNumber":"X522OM161RUS","Refund":1.0,"Fines":1500.0,"Make":"Ford","Model":"Focus"},{"CarNumber":"O085E8197RUS","Refund":1.0,"Fines":300.0,"Make":"Volkswagen","Model":"Golf"},{"CarNumber":"8166XX154RUS","Refund":1.0,"Fines":600.0,"Make":"Ford","Model":"Focus"},{"CarNumber":"705387163RUS","Refund":2.0,"Fines":700.0,"Make":"Ford","Model":"Focus"},{"CarNumber":"O017KO197RUS","Refund":1.0,"Fines":800.0,"Make":"Ford","Model":"Focus"},{"CarNumber":"X4138H125RUS","Refund":1.0,"Fines":300.0,"Make":"Ford","Model":"Focus"},{"CarNumber":"8441XX154RUS","Refund":1.0,"Fines":500.0,"Make":"Ford","Model":"Focus"},{"CarNumber":"M0269X197RUS","Refund":2.0,"Fines":8594.5864661654,"Make":"Ford","Model":"Focus"},{"CarNumber":"7781KT197RUS","Refund":1.0,"Fines":1200.0,"Make":"Ford","Model":"Focus"},{"CarNumber":"T483CT96RUS","Refund":1.0,"Fines":500.0,"Make":"Ford","Model":"Focus"},{"CarNumber":"T940CC96RUS","Refund":2.0,"Fines":1500.0,"Make":"Ford","Model":"Focus"},{"CarNumber":"C58078163RUS","Refund":1.0,"Fines":100.0,"Make":"Ford","Model":"Focus"},{"CarNumber":"O02397197RUS","Refund":1.0,"Fines":4000.0,"Make":"Volkswagen","Model":"Jetta"},{"CarNumber":"T018OX197RUS","Refund":2.0,"Fines":6800.0,"Make":"Toyota","Model":"Corolla"},{"CarNumber":"H963HY161RUS","Refund":1.0,"Fines":1400.0,"Make":"Ford","Model":"Focus"},{"CarNumber":"8611T8154RUS","Refund":2.0,"Fines":2000.0,"Make":"Ford","Model":"Focus"},{"CarNumber":"704787163RUS","Refund":2.0,"Fines":2800.0,"Make":"Ford","Model":"Focus"},{"CarNumber":"E53488152RUS","Refund":2.0,"Fines":3600.0,"Make":"Ford","Model":"Focus"},{"CarNumber":"Y7129Y50RUS","Refund":1.0,"Fines":16000.0,"Make":"Ford","Model":"Focus"},{"CarNumber":"C313MM99RUS","Refund":1.0,"Fines":7500.0,"Make":"Toyota","Model":"Camry"},{"CarNumber":"8611T8154RUS","Refund":1.0,"Fines":1000.0,"Make":"Ford","Model":"Focus"},{"CarNumber":"X763HY197RUS","Refund":2.0,"Fines":9500.0,"Make":"Ford","Model":"Focus"},{"CarNumber":"M386M9197RUS","Refund":2.0,"Fines":5800.0,"Make":"Volkswagen","Model":"Golf"},{"CarNumber":"8605T8154RUS","Refund":1.0,"Fines":1000.0,"Make":"Ford","Model":"Focus"},{"CarNumber":"O22297197RUS","Refund":1.0,"Fines":8594.5864661654,"Make":"Ford","Model":"Focus"},{"CarNumber":"7147OE161RUS","Refund":1.0,"Fines":500.0,"Make":"Ford","Model":"Focus"},{"CarNumber":"O134HE197RUS","Refund":2.0,"Fines":7600.0,"Make":"Ford","Model":"Focus"},{"CarNumber":"7361C8197RUS","Refund":1.0,"Fines":1600.0,"Make":"Ford","Model":"Focus"},{"CarNumber":"Y359EY197RUS","Refund":2.0,"Fines":3000.0,"Make":"Skoda","Model":"Octavia"},{"CarNumber":"T6559O50RUS","Refund":1.0,"Fines":4000.0,"Make":"Ford","Model":"Focus"},{"CarNumber":"E53277152RUS","Refund":1.0,"Fines":500.0,"Make":"Ford","Model":"Focus"},{"CarNumber":"X015HY197RUS","Refund":1.0,"Fines":8000.0,"Make":"Toyota","Model":"Corolla"},{"CarNumber":"9469EX178RUS","Refund":2.0,"Fines":2100.0,"Make":"Ford","Model":"Focus"},{"CarNumber":"Y6839Y50RUS","Refund":2.0,"Fines":3000.0,"Make":"Ford","Model":"Focus"},{"CarNumber":"H237YH197RUS","Refund":1.0,"Fines":600.0,"Make":"Ford","Model":"Focus"},{"CarNumber":"T948OM96RUS","Refund":1.0,"Fines":2000.0,"Make":"Ford","Model":"Focus"},{"CarNumber":"T395KX197RUS","Refund":2.0,"Fines":15200.0,"Make":"Ford","Model":"Focus"},{"CarNumber":"M301CH161RUS","Refund":1.0,"Fines":8000.0,"Make":"Ford","Model":"Focus"},{"CarNumber":"M581CH197RUS","Refund":1.0,"Fines":100.0,"Make":"Ford","Model":"Focus"},{"CarNumber":"E79988152RUS","Refund":1.0,"Fines":1500.0,"Make":"Ford","Model":"Focus"},{"CarNumber":"9496KX178RUS","Refund":1.0,"Fines":500.0,"Make":"Ford","Model":"Focus"},{"CarNumber":"T6319O50RUS","Refund":2.0,"Fines":8594.5864661654,"Make":"Ford","Model":"Focus"},{"CarNumber":"H305T8197RUS","Refund":1.0,"Fines":28100.0,"Make":"Ford","Model":"Focus"},{"CarNumber":"8201XX154RUS","Refund":2.0,"Fines":2600.0,"Make":"Ford","Model":"Focus"},{"CarNumber":"O64297197RUS","Refund":1.0,"Fines":300.0,"Make":"Ford","Model":"Focus"},{"CarNumber":"9523M8178RUS","Refund":1.0,"Fines":600.0,"Make":"Skoda","Model":"Octavia"},{"CarNumber":"Y273O8197RUS","Refund":2.0,"Fines":52600.0,"Make":"Ford","Model":"Focus"},{"CarNumber":"T6229O50RUS","Refund":2.0,"Fines":2500.0,"Make":"Ford","Model":"Focus"},{"CarNumber":"9943KK197RUS","Refund":2.0,"Fines":19800.0,"Make":"Ford","Model":"Focus"},{"CarNumber":"X023HY197RUS","Refund":2.0,"Fines":10200.0,"Make":"Volvo","Model":null},{"CarNumber":"8226XX154RUS","Refund":2.0,"Fines":1000.0,"Make":"Ford","Model":"Focus"},{"CarNumber":"Y038TO197RUS","Refund":1.0,"Fines":7600.0,"Make":"Toyota","Model":"Corolla"},{"CarNumber":"M0289X197RUS","Refund":2.0,"Fines":40600.0,"Make":"Ford","Model":"Focus"},{"CarNumber":"E811HE77RUS","Refund":2.0,"Fines":7000.0,"Make":"Ford","Model":"Focus"},{"CarNumber":"X795O796RUS","Refund":1.0,"Fines":2000.0,"Make":"Ford","Model":"Focus"},{"CarNumber":"O39997197RUS","Refund":1.0,"Fines":9000.0,"Make":"Ford","Model":"Focus"},{"CarNumber":"97968K152RUS","Refund":2.0,"Fines":500.0,"Make":"Ford","Model":"Focus"},{"CarNumber":"K339T8197RUS","Refund":2.0,"Fines":8594.5864661654,"Make":"Ford","Model":"Focus"},{"CarNumber":"H219X836RUS","Refund":1.0,"Fines":1600.0,"Make":"Ford","Model":"Focus"},{"CarNumber":"T6169O50RUS","Refund":1.0,"Fines":500.0,"Make":"Ford","Model":"Focus"},{"CarNumber":"Y352O8197RUS","Refund":2.0,"Fines":25900.0,"Make":"Ford","Model":"Focus"},{"CarNumber":"94178K154RUS","Refund":1.0,"Fines":500.0,"Make":"Ford","Model":"Focus"},{"CarNumber":"7365C8197RUS","Refund":2.0,"Fines":6900.0,"Make":"Ford","Model":"Focus"},{"CarNumber":"9467EX178RUS","Refund":2.0,"Fines":3700.0,"Make":"Ford","Model":"Focus"},{"CarNumber":"O78097197RUS","Refund":2.0,"Fines":1400.0,"Make":"Ford","Model":"Focus"},{"CarNumber":"X5707X161RUS","Refund":2.0,"Fines":500.0,"Make":"Volkswagen","Model":"Passat"},{"CarNumber":"Y232E877RUS","Refund":2.0,"Fines":5000.0,"Make":"Ford","Model":"Focus"},{"CarNumber":"Y388E877RUS","Refund":2.0,"Fines":19000.0,"Make":"Ford","Model":"Focus"},{"CarNumber":"X255HE161RUS","Refund":1.0,"Fines":400.0,"Make":"Ford","Model":"Focus"},{"CarNumber":"E552MO152RUS","Refund":1.0,"Fines":8594.5864661654,"Make":"Ford","Model":"Focus"},{"CarNumber":"97998K152RUS","Refund":2.0,"Fines":6300.0,"Make":"Ford","Model":"Focus"},{"CarNumber":"Y963O8197RUS","Refund":2.0,"Fines":21600.0,"Make":"Ford","Model":"Focus"},{"CarNumber":"Y778EE197RUS","Refund":2.0,"Fines":168000.0,"Make":"Volkswagen","Model":"Golf"},{"CarNumber":"T654HT96RUS","Refund":2.0,"Fines":2000.0,"Make":"Toyota","Model":"Corolla"},{"CarNumber":"T477KX197RUS","Refund":2.0,"Fines":94000.0,"Make":"Ford","Model":"Focus"},{"CarNumber":"T2639T116RUS","Refund":1.0,"Fines":3000.0,"Make":"Ford","Model":"Focus"},{"CarNumber":"O49797197RUS","Refund":2.0,"Fines":5300.0,"Make":"Ford","Model":"Focus"},{"CarNumber":"O83597197RUS","Refund":2.0,"Fines":8000.0,"Make":"Ford","Model":"Focus"},{"CarNumber":"H387TM197RUS","Refund":2.0,"Fines":3200.0,"Make":"Volkswagen","Model":"Passat"},{"CarNumber":"O68897197RUS","Refund":1.0,"Fines":8200.0,"Make":"Ford","Model":"Focus"},{"CarNumber":"72457Y96RUS","Refund":1.0,"Fines":900.0,"Make":"Ford","Model":"Focus"},{"CarNumber":"7064C8197RUS","Refund":1.0,"Fines":12800.0,"Make":"Volkswagen","Model":"Passat"},{"CarNumber":"E948C8152RUS","Refund":2.0,"Fines":6000.0,"Make":"Ford","Model":"Focus"},{"CarNumber":"C514X938RUS","Refund":2.0,"Fines":8594.5864661654,"Make":"Ford","Model":"Focus"},{"CarNumber":"C589EY154RUS","Refund":1.0,"Fines":4500.0,"Make":"Ford","Model":"Focus"},{"CarNumber":"K899T8197RUS","Refund":2.0,"Fines":15400.0,"Make":"Ford","Model":"Focus"},{"CarNumber":"T6418M116RUS","Refund":2.0,"Fines":24600.0,"Make":"Ford","Model":"Focus"},{"CarNumber":"8607XX154RUS","Refund":2.0,"Fines":2400.0,"Make":"Skoda","Model":"Octavia"},{"CarNumber":"92778M178RUS","Refund":2.0,"Fines":3000.0,"Make":"Ford","Model":"Focus"},{"CarNumber":"T288CT96RUS","Refund":1.0,"Fines":4500.0,"Make":"Ford","Model":"Focus"},{"CarNumber":"9886HX152RUS","Refund":2.0,"Fines":2900.0,"Make":"Ford","Model":"Focus"},{"CarNumber":"C583EY154RUS","Refund":1.0,"Fines":1000.0,"Make":"Ford","Model":"Focus"},{"CarNumber":"7788KT197RUS","Refund":1.0,"Fines":20000.0,"Make":"Ford","Model":"Focus"},{"CarNumber":"T016OX197RUS","Refund":2.0,"Fines":9600.0,"Make":"Toyota","Model":"Corolla"},{"CarNumber":"T6419O50RUS","Refund":2.0,"Fines":27000.0,"Make":"Ford","Model":"Focus"},{"CarNumber":"C592EY154RUS","Refund":1.0,"Fines":1000.0,"Make":"Ford","Model":"Focus"},{"CarNumber":"T6459O50RUS","Refund":1.0,"Fines":2000.0,"Make":"Ford","Model":"Focus"},{"CarNumber":"Y356O8197RUS","Refund":2.0,"Fines":8594.5864661654,"Make":"Ford","Model":"Focus"},{"CarNumber":"X759HY197RUS","Refund":2.0,"Fines":12500.0,"Make":"Ford","Model":"Focus"},{"CarNumber":"705787163RUS","Refund":1.0,"Fines":100.0,"Make":"Ford","Model":"Focus"},{"CarNumber":"Y973O8197RUS","Refund":1.0,"Fines":69600.0,"Make":"Ford","Model":"Focus"},{"CarNumber":"92898M178RUS","Refund":1.0,"Fines":1600.0,"Make":"Ford","Model":"Focus"},{"CarNumber":"9671EC178RUS","Refund":1.0,"Fines":600.0,"Make":"Ford","Model":"Focus"},{"CarNumber":"M302CH161RUS","Refund":1.0,"Fines":500.0,"Make":"Ford","Model":"Focus"},{"CarNumber":"X023HY197RUS","Refund":2.0,"Fines":6800.0,"Make":"Volvo","Model":null},{"CarNumber":"M578CH197RUS","Refund":2.0,"Fines":9000.0,"Make":"Ford","Model":"Focus"},{"CarNumber":"O77997197RUS","Refund":2.0,"Fines":5600.0,"Make":"Ford","Model":"Focus"},{"CarNumber":"7368C8197RUS","Refund":2.0,"Fines":8800.0,"Make":"Ford","Model":"Focus"},{"CarNumber":"9683EC178RUS","Refund":2.0,"Fines":6500.0,"Make":"Ford","Model":"Focus"},{"CarNumber":"Y207O8161RUS","Refund":1.0,"Fines":500.0,"Make":"Ford","Model":"Focus"},{"CarNumber":"96659X178RUS","Refund":1.0,"Fines":2700.0,"Make":"Ford","Model":"Focus"},{"CarNumber":"T912CT197RUS","Refund":2.0,"Fines":19800.0,"Make":"Toyota","Model":"Camry"},{"CarNumber":"7183TT36RUS","Refund":2.0,"Fines":16200.0,"Make":"Ford","Model":"Focus"},{"CarNumber":"89557X197RUS","Refund":2.0,"Fines":22400.0,"Make":"Toyota","Model":"Camry"},{"CarNumber":"E773EH197RUS","Refund":2.0,"Fines":8594.5864661654,"Make":"Ford","Model":"Focus"},{"CarNumber":"Y359O8197RUS","Refund":1.0,"Fines":2000.0,"Make":"Ford","Model":"Focus"},{"CarNumber":"K2817K154RUS","Refund":1.0,"Fines":4500.0,"Make":"Ford","Model":"Focus"},{"CarNumber":"X758HY197RUS","Refund":2.0,"Fines":145200.0,"Make":"Ford","Model":"Focus"},{"CarNumber":"Y964O8197RUS","Refund":1.0,"Fines":1000.0,"Make":"Ford","Model":"Focus"},{"CarNumber":"H967HY161RUS","Refund":2.0,"Fines":4500.0,"Make":"Ford","Model":"Focus"},{"CarNumber":"E394MO152RUS","Refund":2.0,"Fines":10500.0,"Make":"Ford","Model":"Focus"},{"CarNumber":"O50699163RUS","Refund":1.0,"Fines":1100.0,"Make":"Ford","Model":"Focus"},{"CarNumber":"9463EX178RUS","Refund":1.0,"Fines":1400.0,"Make":"Ford","Model":"Focus"},{"CarNumber":"E53677152RUS","Refund":2.0,"Fines":5500.0,"Make":"Ford","Model":"Focus"},{"CarNumber":"K338T8197RUS","Refund":2.0,"Fines":17400.0,"Make":"Ford","Model":"Focus"},{"CarNumber":"Y4298M777RUS","Refund":2.0,"Fines":2000.0,"Make":"Skoda","Model":"Octavia"},{"CarNumber":"Y687HM197RUS","Refund":1.0,"Fines":8594.5864661654,"Make":"BMW","Model":null},{"CarNumber":"8311XX154RUS","Refund":2.0,"Fines":4300.0,"Make":"Ford","Model":"Focus"},{"CarNumber":"98037H178RUS","Refund":2.0,"Fines":2500.0,"Make":"Ford","Model":"Focus"},{"CarNumber":"7828C8197RUS","Refund":2.0,"Fines":6700.0,"Make":"Ford","Model":"Focus"},{"CarNumber":"H980HY161RUS","Refund":2.0,"Fines":1800.0,"Make":"Ford","Model":"Focus"},{"CarNumber":"H906YK197RUS","Refund":1.0,"Fines":12000.0,"Make":"Ford","Model":"Focus"},{"CarNumber":"7199MT197RUS","Refund":1.0,"Fines":9300.0,"Make":"Volkswagen","Model":"Golf"},{"CarNumber":"X908XC197RUS","Refund":2.0,"Fines":46000.0,"Make":"Volkswagen","Model":"Jetta"},{"CarNumber":"T171CC96RUS","Refund":2.0,"Fines":2000.0,"Make":"Ford","Model":"Focus"},{"CarNumber":"X4108H125RUS","Refund":2.0,"Fines":1300.0,"Make":"Ford","Model":"Focus"},{"CarNumber":"Y966O8197RUS","Refund":2.0,"Fines":10400.0,"Make":"Ford","Model":"Focus"},{"CarNumber":"K2797K154RUS","Refund":2.0,"Fines":2400.0,"Make":"Ford","Model":"Focus"},{"CarNumber":"7089H8163RUS","Refund":2.0,"Fines":4400.0,"Make":"Toyota","Model":"Corolla"},{"CarNumber":"9883HX152RUS","Refund":1.0,"Fines":500.0,"Make":"Ford","Model":"Focus"},{"CarNumber":"7841C8197RUS","Refund":1.0,"Fines":12000.0,"Make":"Ford","Model":"Focus"},{"CarNumber":"9940KK197RUS","Refund":1.0,"Fines":8594.5864661654,"Make":"Ford","Model":"Focus"},{"CarNumber":"H224X836RUS","Refund":2.0,"Fines":7000.0,"Make":"Ford","Model":"Focus"},{"CarNumber":"H971HY161RUS","Refund":2.0,"Fines":7400.0,"Make":"Ford","Model":"Focus"},{"CarNumber":"M0269X197RUS","Refund":2.0,"Fines":20600.0,"Make":"Ford","Model":"Focus"},{"CarNumber":"E316EH197RUS","Refund":1.0,"Fines":1300.0,"Make":"Volkswagen","Model":"Touareg"},{"CarNumber":"X257HE161RUS","Refund":1.0,"Fines":5000.0,"Make":"Ford","Model":"Focus"},{"CarNumber":"H844YH197RUS","Refund":2.0,"Fines":3000.0,"Make":"Ford","Model":"Focus"},{"CarNumber":"9523M8178RUS","Refund":2.0,"Fines":300.0,"Make":"Skoda","Model":"Octavia"},{"CarNumber":"E33477152RUS","Refund":1.0,"Fines":500.0,"Make":"Ford","Model":"Focus"},{"CarNumber":"Y156E877RUS","Refund":2.0,"Fines":7500.0,"Make":"Ford","Model":"Focus"},{"CarNumber":"E396MO152RUS","Refund":2.0,"Fines":3000.0,"Make":"Ford","Model":"Focus"},{"CarNumber":"E0697X152RUS","Refund":2.0,"Fines":8594.5864661654,"Make":"Skoda","Model":"Octavia"},{"CarNumber":"Y969O8197RUS","Refund":1.0,"Fines":15600.0,"Make":"Ford","Model":"Focus"},{"CarNumber":"9028CO161RUS","Refund":1.0,"Fines":1500.0,"Make":"Ford","Model":"Focus"},{"CarNumber":"7840C8197RUS","Refund":2.0,"Fines":3500.0,"Make":"Ford","Model":"Focus"},{"CarNumber":"T6249O50RUS","Refund":2.0,"Fines":8500.0,"Make":"Ford","Model":"Focus"},{"CarNumber":"E53677152RUS","Refund":2.0,"Fines":11000.0,"Make":"Ford","Model":"Focus"},{"CarNumber":"E42377152RUS","Refund":2.0,"Fines":3000.0,"Make":"Ford","Model":"Focus"},{"CarNumber":"9941KK197RUS","Refund":1.0,"Fines":800.0,"Make":"Ford","Model":"Focus"},{"CarNumber":"E28877161RUS","Refund":1.0,"Fines":500.0,"Make":"Ford","Model":"Focus"},{"CarNumber":"M0299X197RUS","Refund":2.0,"Fines":19200.0,"Make":"Ford","Model":"Focus"},{"CarNumber":"M372CH197RUS","Refund":1.0,"Fines":21600.0,"Make":"Ford","Model":"Focus"},{"CarNumber":"K040CC197RUS","Refund":2.0,"Fines":3600.0,"Make":"Ford","Model":"Focus"},{"CarNumber":"E41577152RUS","Refund":2.0,"Fines":3000.0,"Make":"Ford","Model":"Focus"},{"CarNumber":"9763HY161RUS","Refund":1.0,"Fines":900.0,"Make":"Ford","Model":"Focus"},{"CarNumber":"T535ET96RUS","Refund":2.0,"Fines":3000.0,"Make":"Ford","Model":"Focus"},{"CarNumber":"92918M178RUS","Refund":2.0,"Fines":7600.0,"Make":"Ford","Model":"Focus"},{"CarNumber":"Y655E8750RUS","Refund":1.0,"Fines":2600.0,"Make":"Skoda","Model":"Octavia"},{"CarNumber":"K2797K154RUS","Refund":1.0,"Fines":8594.5864661654,"Make":"Ford","Model":"Focus"},{"CarNumber":"K559KC161RUS","Refund":1.0,"Fines":200.0,"Make":"Ford","Model":"Focus"},{"CarNumber":"7369C8197RUS","Refund":2.0,"Fines":10100.0,"Make":"Ford","Model":"Focus"},{"CarNumber":"8321XX154RUS","Refund":1.0,"Fines":200.0,"Make":"Ford","Model":"Focus"},{"CarNumber":"O134HE197RUS","Refund":2.0,"Fines":11400.0,"Make":"Ford","Model":"Focus"},{"CarNumber":"H961HY161RUS","Refund":2.0,"Fines":2500.0,"Make":"Ford","Model":"Focus"},{"CarNumber":"M2169X197RUS","Refund":2.0,"Fines":3100.0,"Make":"Ford","Model":"Focus"},{"CarNumber":"707987163RUS","Refund":1.0,"Fines":1100.0,"Make":"Ford","Model":"Focus"},{"CarNumber":"8234XX154RUS","Refund":1.0,"Fines":1300.0,"Make":"Ford","Model":"Focus"},{"CarNumber":"X759HY197RUS","Refund":1.0,"Fines":37500.0,"Make":"Ford","Model":"Focus"},{"CarNumber":"O83697197RUS","Refund":2.0,"Fines":6100.0,"Make":"Ford","Model":"Focus"},{"CarNumber":"92918M178RUS","Refund":1.0,"Fines":1900.0,"Make":"Ford","Model":"Focus"},{"CarNumber":"92928M178RUS","Refund":1.0,"Fines":1200.0,"Make":"Ford","Model":"Focus"},{"CarNumber":"E52677152RUS","Refund":2.0,"Fines":2500.0,"Make":"Ford","Model":"Focus"},{"CarNumber":"8451M7154RUS","Refund":1.0,"Fines":500.0,"Make":"Ford","Model":"Focus"},{"CarNumber":"9589EY178RUS","Refund":1.0,"Fines":8594.5864661654,"Make":"Ford","Model":"Focus"},{"CarNumber":"H907YK197RUS","Refund":2.0,"Fines":7100.0,"Make":"Ford","Model":"Focus"},{"CarNumber":"O39897197RUS","Refund":2.0,"Fines":3800.0,"Make":"Ford","Model":"Focus"},{"CarNumber":"M3879X197RUS","Refund":2.0,"Fines":6300.0,"Make":"Volkswagen","Model":"Touareg"},{"CarNumber":"C299K9154RUS","Refund":1.0,"Fines":500.0,"Make":"Ford","Model":"Focus"},{"CarNumber":"M0299X197RUS","Refund":1.0,"Fines":9600.0,"Make":"Ford","Model":"Focus"},{"CarNumber":"8437XX154RUS","Refund":2.0,"Fines":800.0,"Make":"Ford","Model":"Focus"},{"CarNumber":"9468EX178RUS","Refund":1.0,"Fines":4000.0,"Make":"Ford","Model":"Focus"},{"CarNumber":"M375CH197RUS","Refund":2.0,"Fines":18100.0,"Make":"Ford","Model":"Focus"},{"CarNumber":"H982HY161RUS","Refund":1.0,"Fines":300.0,"Make":"Ford","Model":"Focus"},{"CarNumber":"8201XX154RUS","Refund":1.0,"Fines":7800.0,"Make":"Ford","Model":"Focus"},{"CarNumber":"8224XX154RUS","Refund":1.0,"Fines":2500.0,"Make":"Ford","Model":"Focus"},{"CarNumber":"O22397197RUS","Refund":1.0,"Fines":18500.0,"Make":"Ford","Model":"Focus"},{"CarNumber":"Y653E8750RUS","Refund":1.0,"Fines":500.0,"Make":"Skoda","Model":"Octavia"},{"CarNumber":"K558KC161RUS","Refund":1.0,"Fines":500.0,"Make":"Ford","Model":"Focus"},{"CarNumber":"O058M7161RUS","Refund":1.0,"Fines":1900.0,"Make":"Ford","Model":"Focus"},{"CarNumber":"M256OH161RUS","Refund":2.0,"Fines":1600.0,"Make":"Ford","Model":"Focus"},{"CarNumber":"7183TT36RUS","Refund":2.0,"Fines":5400.0,"Make":"Ford","Model":"Focus"},{"CarNumber":"T242H8197RUS","Refund":2.0,"Fines":8594.5864661654,"Make":"Skoda","Model":"Octavia"},{"CarNumber":"K27188138RUS","Refund":1.0,"Fines":2000.0,"Make":"Ford","Model":"Focus"},{"CarNumber":"X782CO96RUS","Refund":1.0,"Fines":1000.0,"Make":"Ford","Model":"Focus"},{"CarNumber":"Y7659C197RUS","Refund":1.0,"Fines":1500.0,"Make":"Ford","Model":"Focus"},{"CarNumber":"X523OM161RUS","Refund":1.0,"Fines":400.0,"Make":"Ford","Model":"Focus"},{"CarNumber":"96629X178RUS","Refund":1.0,"Fines":7000.0,"Make":"Ford","Model":"Focus"},{"CarNumber":"9881HX152RUS","Refund":2.0,"Fines":10300.0,"Make":"Ford","Model":"Focus"},{"CarNumber":"9020YC197RUS","Refund":2.0,"Fines":72500.0,"Make":"Skoda","Model":"Octavia"},{"CarNumber":"T479KX197RUS","Refund":2.0,"Fines":12000.0,"Make":"Ford","Model":"Focus"},{"CarNumber":"M680T9152RUS","Refund":2.0,"Fines":9000.0,"Make":"Volkswagen","Model":"Jetta"},{"CarNumber":"7831C8197RUS","Refund":2.0,"Fines":6800.0,"Make":"Ford","Model":"Focus"},{"CarNumber":"7844C8197RUS","Refund":2.0,"Fines":17000.0,"Make":"Ford","Model":"Focus"},{"CarNumber":"T011MY163RUS","Refund":2.0,"Fines":4000.0,"Make":"Ford","Model":"Focus"},{"CarNumber":"C410X938RUS","Refund":1.0,"Fines":1100.0,"Make":"Ford","Model":"Focus"},{"CarNumber":"X762HY197RUS","Refund":1.0,"Fines":500.0,"Make":"Ford","Model":"Focus"},{"CarNumber":"9470EX178RUS","Refund":1.0,"Fines":500.0,"Make":"Ford","Model":"Focus"},{"CarNumber":"X4128H125RUS","Refund":2.0,"Fines":8594.5864661654,"Make":"Ford","Model":"Focus"},{"CarNumber":"9762HY161RUS","Refund":2.0,"Fines":2600.0,"Make":"Ford","Model":"Focus"},{"CarNumber":"H419XE197RUS","Refund":2.0,"Fines":6900.0,"Make":"Toyota","Model":"Corolla"},{"CarNumber":"98017H178RUS","Refund":1.0,"Fines":1500.0,"Make":"Ford","Model":"Focus"},{"CarNumber":"Y780EE197RUS","Refund":2.0,"Fines":4600.0,"Make":"Volkswagen","Model":"Golf"},{"CarNumber":"M580CH197RUS","Refund":2.0,"Fines":9500.0,"Make":"Ford","Model":"Focus"},{"CarNumber":"T686EO197RUS","Refund":1.0,"Fines":1000.0,"Make":"Toyota","Model":"Camry"},{"CarNumber":"9943OH154RUS","Refund":1.0,"Fines":400.0,"Make":"Skoda","Model":"Octavia"},{"CarNumber":"Y354O8197RUS","Refund":1.0,"Fines":10800.0,"Make":"Ford","Model":"Focus"},{"CarNumber":"7065C8197RUS","Refund":1.0,"Fines":3800.0,"Make":"Volkswagen","Model":"Passat"},{"CarNumber":"E28777161RUS","Refund":1.0,"Fines":800.0,"Make":"Ford","Model":"Focus"},{"CarNumber":"M701T9152RUS","Refund":2.0,"Fines":3000.0,"Make":"Ford","Model":"Focus"},{"CarNumber":"E577HE77RUS","Refund":2.0,"Fines":12000.0,"Make":"Ford","Model":"Focus"},{"CarNumber":"92788M178RUS","Refund":1.0,"Fines":1200.0,"Make":"Ford","Model":"Focus"},{"CarNumber":"9072EM178RUS","Refund":2.0,"Fines":4400.0,"Make":"Ford","Model":"Focus"},{"CarNumber":"9409H7178RUS","Refund":1.0,"Fines":3000.0,"Make":"Skoda","Model":"Octavia"},{"CarNumber":"C3829X154RUS","Refund":2.0,"Fines":13500.0,"Make":"Ford","Model":"Focus"},{"CarNumber":"T478KX197RUS","Refund":2.0,"Fines":7500.0,"Make":"Ford","Model":"Focus"},{"CarNumber":"T119CT96RUS","Refund":1.0,"Fines":2000.0,"Make":"Ford","Model":"Focus"},{"CarNumber":"X795O796RUS","Refund":1.0,"Fines":1000.0,"Make":"Ford","Model":"Focus"},{"CarNumber":"708487163RUS","Refund":1.0,"Fines":1000.0,"Make":"Ford","Model":"Focus"},{"CarNumber":"H983HY161RUS","Refund":1.0,"Fines":500.0,"Make":"Ford","Model":"Focus"},{"CarNumber":"7842C8197RUS","Refund":1.0,"Fines":6000.0,"Make":"Ford","Model":"Focus"},{"CarNumber":"O64097197RUS","Refund":2.0,"Fines":8594.5864661654,"Make":"Ford","Model":"Focus"},{"CarNumber":"Y693HM197RUS","Refund":2.0,"Fines":6500.0,"Make":"BMW","Model":null},{"CarNumber":"96857X197RUS","Refund":1.0,"Fines":37800.0,"Make":"Skoda","Model":"Octavia"},{"CarNumber":"7177TT36RUS","Refund":1.0,"Fines":500.0,"Make":"Ford","Model":"Focus"},{"CarNumber":"9428EX178RUS","Refund":1.0,"Fines":500.0,"Make":"Ford","Model":"Focus"},{"CarNumber":"84438C154RUS","Refund":2.0,"Fines":7600.0,"Make":"Ford","Model":"Focus"},{"CarNumber":"Y7689C197RUS","Refund":2.0,"Fines":9000.0,"Make":"Ford","Model":"Focus"},{"CarNumber":"H427YH197RUS","Refund":1.0,"Fines":9900.0,"Make":"Volkswagen","Model":"Passat"},{"CarNumber":"T394KX197RUS","Refund":2.0,"Fines":1500.0,"Make":"Ford","Model":"Focus"},{"CarNumber":"O49897197RUS","Refund":2.0,"Fines":11800.0,"Make":"Ford","Model":"Focus"},{"CarNumber":"H963X936RUS","Refund":1.0,"Fines":1800.0,"Make":"Skoda","Model":"Octavia"},{"CarNumber":"T341CC96RUS","Refund":2.0,"Fines":1000.0,"Make":"Volkswagen","Model":"Passat"},{"CarNumber":"9942KK197RUS","Refund":2.0,"Fines":6200.0,"Make":"Ford","Model":"Focus"},{"CarNumber":"9141H8178RUS","Refund":1.0,"Fines":300.0,"Make":"Skoda","Model":"Octavia"},{"CarNumber":"9942KK197RUS","Refund":2.0,"Fines":3100.0,"Make":"Ford","Model":"Focus"},{"CarNumber":"7370C8197RUS","Refund":2.0,"Fines":5000.0,"Make":"Ford","Model":"Focus"},{"CarNumber":"9890HX152RUS","Refund":2.0,"Fines":9200.0,"Make":"Ford","Model":"Focus"},{"CarNumber":"9409H7178RUS","Refund":1.0,"Fines":6000.0,"Make":"Skoda","Model":"Octavia"},{"CarNumber":"M268CH197RUS","Refund":1.0,"Fines":800.0,"Make":"Toyota","Model":"Camry"},{"CarNumber":"Y780EE197RUS","Refund":1.0,"Fines":2300.0,"Make":"Volkswagen","Model":"Golf"},{"CarNumber":"Y388E877RUS","Refund":2.0,"Fines":9500.0,"Make":"Ford","Model":"Focus"},{"CarNumber":"C419X938RUS","Refund":1.0,"Fines":1100.0,"Make":"Ford","Model":"Focus"},{"CarNumber":"M0319X197RUS","Refund":2.0,"Fines":4500.0,"Make":"Ford","Model":"Focus"},{"CarNumber":"M577CH197RUS","Refund":2.0,"Fines":17000.0,"Make":"Ford","Model":"Focus"},{"CarNumber":"7361C8197RUS","Refund":1.0,"Fines":8594.5864661654,"Make":"Ford","Model":"Focus"},{"CarNumber":"H975HY161RUS","Refund":1.0,"Fines":2000.0,"Make":"Ford","Model":"Focus"},{"CarNumber":"X018HY197RUS","Refund":2.0,"Fines":10600.0,"Make":"Toyota","Model":"Camry"},{"CarNumber":"E33177152RUS","Refund":2.0,"Fines":7100.0,"Make":"Ford","Model":"Focus"},{"CarNumber":"X256HE161RUS","Refund":2.0,"Fines":1600.0,"Make":"Ford","Model":"Focus"},{"CarNumber":"Y7689C197RUS","Refund":2.0,"Fines":45000.0,"Make":"Ford","Model":"Focus"},{"CarNumber":"7788KT197RUS","Refund":2.0,"Fines":4000.0,"Make":"Ford","Model":"Focus"},{"CarNumber":"9491H7178RUS","Refund":1.0,"Fines":500.0,"Make":"Volkswagen","Model":"Jetta"},{"CarNumber":"M374CH197RUS","Refund":1.0,"Fines":5500.0,"Make":"Ford","Model":"Focus"},{"CarNumber":"96679X178RUS","Refund":2.0,"Fines":2400.0,"Make":"Ford","Model":"Focus"},{"CarNumber":"9594HY161RUS","Refund":1.0,"Fines":300.0,"Make":"Ford","Model":"Focus"},{"CarNumber":"83218C154RUS","Refund":1.0,"Fines":100.0,"Make":"Ford","Model":"Focus"},{"CarNumber":"9764HY161RUS","Refund":1.0,"Fines":800.0,"Make":"Ford","Model":"Focus"},{"CarNumber":"708187163RUS","Refund":1.0,"Fines":1000.0,"Make":"Ford","Model":"Focus"},{"CarNumber":"H908YK197RUS","Refund":1.0,"Fines":4800.0,"Make":"Ford","Model":"Focus"},{"CarNumber":"H004MH197RUS","Refund":2.0,"Fines":19800.0,"Make":"Ford","Model":"Focus"},{"CarNumber":"92788M178RUS","Refund":1.0,"Fines":300.0,"Make":"Ford","Model":"Focus"},{"CarNumber":"Y656E8750RUS","Refund":1.0,"Fines":8594.5864661654,"Make":"Skoda","Model":"Octavia"},{"CarNumber":"9679EC178RUS","Refund":1.0,"Fines":500.0,"Make":"Ford","Model":"Focus"},{"CarNumber":"O017KO197RUS","Refund":1.0,"Fines":1600.0,"Make":"Ford","Model":"Focus"},{"CarNumber":"H957HY161RUS","Refund":1.0,"Fines":1000.0,"Make":"Ford","Model":"Focus"},{"CarNumber":"X286TC36RUS","Refund":1.0,"Fines":500.0,"Make":"Ford","Model":"Focus"},{"CarNumber":"C803KE163RUS","Refund":1.0,"Fines":1000.0,"Make":"Volkswagen","Model":"Jetta"},{"CarNumber":"Y7379Y50RUS","Refund":2.0,"Fines":2000.0,"Make":"Ford","Model":"Focus"},{"CarNumber":"X320MK197RUS","Refund":1.0,"Fines":7500.0,"Make":"Ford","Model":"Focus"},{"CarNumber":"C476M7161RUS","Refund":2.0,"Fines":500.0,"Make":"Ford","Model":"Focus"},{"CarNumber":"H844YH197RUS","Refund":1.0,"Fines":1000.0,"Make":"Ford","Model":"Focus"},{"CarNumber":"96907X197RUS","Refund":2.0,"Fines":3000.0,"Make":"BMW","Model":null},{"CarNumber":"Y650E8750RUS","Refund":1.0,"Fines":1000.0,"Make":"Skoda","Model":"Octavia"},{"CarNumber":"H235YH197RUS","Refund":2.0,"Fines":5100.0,"Make":"Skoda","Model":"Octavia"},{"CarNumber":"9474EX178RUS","Refund":1.0,"Fines":500.0,"Make":"Ford","Model":"Focus"},{"CarNumber":"Y8259C197RUS","Refund":1.0,"Fines":1500.0,"Make":"Ford","Model":"Focus"},{"CarNumber":"E29577161RUS","Refund":1.0,"Fines":500.0,"Make":"Ford","Model":"Focus"},{"CarNumber":"X761HY197RUS","Refund":2.0,"Fines":18300.0,"Make":"Ford","Model":"Focus"},{"CarNumber":"H387TM197RUS","Refund":1.0,"Fines":8594.5864661654,"Make":"Volkswagen","Model":"Passat"},{"CarNumber":"T396KX197RUS","Refund":2.0,"Fines":10300.0,"Make":"Ford","Model":"Focus"},{"CarNumber":"C593EY154RUS","Refund":1.0,"Fines":1000.0,"Make":"Ford","Model":"Focus"},{"CarNumber":"Y164O8161RUS","Refund":1.0,"Fines":800.0,"Make":"Ford","Model":"Focus"},{"CarNumber":"M942OT152RUS","Refund":1.0,"Fines":2000.0,"Make":"Ford","Model":"Focus"},{"CarNumber":"T476KX197RUS","Refund":2.0,"Fines":4500.0,"Make":"Ford","Model":"Focus"},{"CarNumber":"H889YK197RUS","Refund":2.0,"Fines":21200.0,"Make":"Ford","Model":"Focus"},{"CarNumber":"Y7429Y50RUS","Refund":2.0,"Fines":2000.0,"Make":"Ford","Model":"Focus"},{"CarNumber":"H976HY161RUS","Refund":2.0,"Fines":2200.0,"Make":"Ford","Model":"Focus"},{"CarNumber":"C410X938RUS","Refund":2.0,"Fines":2200.0,"Make":"Ford","Model":"Focus"},{"CarNumber":"Y195O8161RUS","Refund":1.0,"Fines":100.0,"Make":"Ford","Model":"Focus"},{"CarNumber":"O669E8197RUS","Refund":1.0,"Fines":18000.0,"Make":"Ford","Model":"Focus"},{"CarNumber":"Y187O8161RUS","Refund":2.0,"Fines":400.0,"Make":"Ford","Model":"Focus"},{"CarNumber":"K329T8197RUS","Refund":2.0,"Fines":13000.0,"Make":"Skoda","Model":"Octavia"},{"CarNumber":"96659X178RUS","Refund":1.0,"Fines":900.0,"Make":"Ford","Model":"Focus"},{"CarNumber":"7842C8197RUS","Refund":2.0,"Fines":12000.0,"Make":"Ford","Model":"Focus"},{"CarNumber":"O275O7161RUS","Refund":1.0,"Fines":8300.0,"Make":"Ford","Model":"Focus"},{"CarNumber":"9677MO178RUS","Refund":1.0,"Fines":2200.0,"Make":"Ford","Model":"Mondeo"},{"CarNumber":"H957HY161RUS","Refund":1.0,"Fines":8594.5864661654,"Make":"Ford","Model":"Focus"},{"CarNumber":"M0279X197RUS","Refund":2.0,"Fines":36000.0,"Make":"Ford","Model":"Focus"},{"CarNumber":"9939KK197RUS","Refund":1.0,"Fines":1600.0,"Make":"Ford","Model":"Focus"},{"CarNumber":"Y8399C197RUS","Refund":1.0,"Fines":600.0,"Make":"Ford","Model":"Focus"},{"CarNumber":"M373CH197RUS","Refund":2.0,"Fines":6600.0,"Make":"Ford","Model":"Focus"},{"CarNumber":"7164YM36RUS","Refund":2.0,"Fines":18800.0,"Make":"Ford","Model":"Focus"},{"CarNumber":"7843C8197RUS","Refund":2.0,"Fines":4100.0,"Make":"Ford","Model":"Focus"},{"CarNumber":"O753MX161RUS","Refund":2.0,"Fines":700.0,"Make":"Ford","Model":"Focus"},{"CarNumber":"9468EX178RUS","Refund":2.0,"Fines":2000.0,"Make":"Ford","Model":"Focus"},{"CarNumber":"T395KX197RUS","Refund":2.0,"Fines":7600.0,"Make":"Ford","Model":"Focus"},{"CarNumber":"T6488M116RUS","Refund":2.0,"Fines":21000.0,"Make":"Ford","Model":"Focus"},{"CarNumber":"7361C8197RUS","Refund":1.0,"Fines":800.0,"Make":"Ford","Model":"Focus"},{"CarNumber":"98047H178RUS","Refund":1.0,"Fines":500.0,"Make":"Ford","Model":"Focus"},{"CarNumber":"8316XX154RUS","Refund":1.0,"Fines":1100.0,"Make":"Ford","Model":"Focus"},{"CarNumber":"O752MX161RUS","Refund":2.0,"Fines":2600.0,"Make":"Ford","Model":"Focus"},{"CarNumber":"8234XX154RUS","Refund":2.0,"Fines":2600.0,"Make":"Ford","Model":"Focus"},{"CarNumber":"9488EY178RUS","Refund":2.0,"Fines":1300.0,"Make":"Ford","Model":"Focus"},{"CarNumber":"96857X197RUS","Refund":2.0,"Fines":18900.0,"Make":"Skoda","Model":"Octavia"},{"CarNumber":"O481OH77RUS","Refund":2.0,"Fines":1000.0,"Make":"Toyota","Model":"Camry"},{"CarNumber":"K326T8197RUS","Refund":1.0,"Fines":100.0,"Make":"Volkswagen","Model":"Passat"},{"CarNumber":"90159H178RUS","Refund":1.0,"Fines":8594.5864661654,"Make":"Volkswagen","Model":"Passat"},{"CarNumber":"9469EX178RUS","Refund":1.0,"Fines":4200.0,"Make":"Ford","Model":"Focus"},{"CarNumber":"X796TH96RUS","Refund":1.0,"Fines":500.0,"Make":"Ford","Model":"Focus"},{"CarNumber":"9499KX178RUS","Refund":1.0,"Fines":4600.0,"Make":"Ford","Model":"Focus"},{"CarNumber":"Y358O8197RUS","Refund":2.0,"Fines":21800.0,"Make":"Ford","Model":"Focus"},{"CarNumber":"C420X938RUS","Refund":2.0,"Fines":3300.0,"Make":"Ford","Model":"Focus"},{"CarNumber":"Y965O8197RUS","Refund":2.0,"Fines":1600.0,"Make":"Ford","Model":"Focus"},{"CarNumber":"96429X178RUS","Refund":2.0,"Fines":1300.0,"Make":"Ford","Model":"Focus"},{"CarNumber":"Y274O8197RUS","Refund":2.0,"Fines":10700.0,"Make":"Ford","Model":"Focus"},{"CarNumber":"Y358O8197RUS","Refund":1.0,"Fines":43600.0,"Make":"Ford","Model":"Focus"},{"CarNumber":"E223YM197RUS","Refund":2.0,"Fines":19500.0,"Make":"Ford","Model":"Focus"},{"CarNumber":"E42277152RUS","Refund":2.0,"Fines":5300.0,"Make":"Ford","Model":"Focus"},{"CarNumber":"E34877152RUS","Refund":2.0,"Fines":36600.0,"Make":"Ford","Model":"Focus"},{"CarNumber":"Y964EE197RUS","Refund":2.0,"Fines":8594.5864661654,"Make":"Ford","Model":"Focus"},{"CarNumber":"T6049O50RUS","Refund":2.0,"Fines":15000.0,"Make":"Ford","Model":"Focus"},{"CarNumber":"8601XX154RUS","Refund":1.0,"Fines":3900.0,"Make":"Skoda","Model":"Octavia"},{"CarNumber":"H259HY161RUS","Refund":1.0,"Fines":900.0,"Make":"Toyota","Model":"Corolla"},{"CarNumber":"T940CC96RUS","Refund":1.0,"Fines":500.0,"Make":"Ford","Model":"Focus"},{"CarNumber":"T288CT96RUS","Refund":1.0,"Fines":1500.0,"Make":"Ford","Model":"Focus"},{"CarNumber":"Y6839Y50RUS","Refund":1.0,"Fines":1500.0,"Make":"Ford","Model":"Focus"},{"CarNumber":"Y344E877RUS","Refund":1.0,"Fines":1000.0,"Make":"Ford","Model":"Focus"},{"CarNumber":"K889HY161RUS","Refund":2.0,"Fines":46200.0,"Make":"Ford","Model":"Mondeo"},{"CarNumber":"H214X836RUS","Refund":1.0,"Fines":8000.0,"Make":"Ford","Model":"Focus"},{"CarNumber":"T399KX197RUS","Refund":2.0,"Fines":15300.0,"Make":"Ford","Model":"Focus"},{"CarNumber":"O421OT161RUS","Refund":1.0,"Fines":1200.0,"Make":"Skoda","Model":"Octavia"},{"CarNumber":"H232YH197RUS","Refund":1.0,"Fines":8594.5864661654,"Make":"Ford","Model":"Focus"},{"CarNumber":"7360C8197RUS","Refund":2.0,"Fines":9600.0,"Make":"Ford","Model":"Focus"},{"CarNumber":"T6418M116RUS","Refund":1.0,"Fines":49200.0,"Make":"Ford","Model":"Focus"},{"CarNumber":"7248C8197RUS","Refund":2.0,"Fines":34400.0,"Make":"Ford","Model":"Mondeo"},{"CarNumber":"Y194O8161RUS","Refund":2.0,"Fines":900.0,"Make":"Ford","Model":"Focus"},{"CarNumber":"9881HX152RUS","Refund":2.0,"Fines":20600.0,"Make":"Ford","Model":"Focus"},{"CarNumber":"T6359O50RUS","Refund":2.0,"Fines":13500.0,"Make":"Ford","Model":"Focus"},{"CarNumber":"E29677161RUS","Refund":2.0,"Fines":6000.0,"Make":"Ford","Model":"Focus"},{"CarNumber":"T020MM116RUS","Refund":2.0,"Fines":3000.0,"Make":"Skoda","Model":"Octavia"},{"CarNumber":"C798ET50RUS","Refund":1.0,"Fines":5000.0,"Make":"Ford","Model":"Focus"},{"CarNumber":"Y7719C197RUS","Refund":2.0,"Fines":4600.0,"Make":"Ford","Model":"Focus"},{"CarNumber":"9502XX38RUS","Refund":1.0,"Fines":3000.0,"Make":"Skoda","Model":"Octavia"},{"CarNumber":"8521XX154RUS","Refund":1.0,"Fines":1000.0,"Make":"Ford","Model":"Focus"},{"CarNumber":"Y273O8197RUS","Refund":2.0,"Fines":26300.0,"Make":"Ford","Model":"Focus"},{"CarNumber":"M580CH197RUS","Refund":2.0,"Fines":47500.0,"Make":"Ford","Model":"Focus"},{"CarNumber":"K376HE161RUS","Refund":1.0,"Fines":100.0,"Make":"Ford","Model":"Focus"},{"CarNumber":"7193TT36RUS","Refund":2.0,"Fines":3300.0,"Make":"Ford","Model":"Focus"},{"CarNumber":"O785T9163RUS","Refund":1.0,"Fines":500.0,"Make":"Ford","Model":"Focus"},{"CarNumber":"H618YC38RUS","Refund":1.0,"Fines":300.0,"Make":"Volkswagen","Model":"Golf"},{"CarNumber":"Y7689C197RUS","Refund":1.0,"Fines":36000.0,"Make":"Ford","Model":"Focus"},{"CarNumber":"M592CH197RUS","Refund":1.0,"Fines":3500.0,"Make":"Skoda","Model":"Octavia"},{"CarNumber":"Y352O8197RUS","Refund":2.0,"Fines":77700.0,"Make":"Ford","Model":"Focus"},{"CarNumber":"9068EM178RUS","Refund":1.0,"Fines":600.0,"Make":"Ford","Model":"Focus"},{"CarNumber":"7783KT197RUS","Refund":1.0,"Fines":6000.0,"Make":"Ford","Model":"Focus"},{"CarNumber":"Y305E877RUS","Refund":2.0,"Fines":2500.0,"Make":"Ford","Model":"Focus"},{"CarNumber":"E881OT197RUS","Refund":2.0,"Fines":5500.0,"Make":"Skoda","Model":"Octavia"},{"CarNumber":"Y8259C197RUS","Refund":2.0,"Fines":3000.0,"Make":"Ford","Model":"Focus"},{"CarNumber":"Y969O8197RUS","Refund":2.0,"Fines":7800.0,"Make":"Ford","Model":"Focus"},{"CarNumber":"92928M178RUS","Refund":2.0,"Fines":3000.0,"Make":"Ford","Model":"Focus"},{"CarNumber":"O718MM163RUS","Refund":2.0,"Fines":7000.0,"Make":"Ford","Model":"Focus"},{"CarNumber":"Y7129Y50RUS","Refund":1.0,"Fines":8594.5864661654,"Make":"Ford","Model":"Focus"},{"CarNumber":"9975CC77RUS","Refund":2.0,"Fines":7000.0,"Make":"Ford","Model":"Focus"},{"CarNumber":"C592EY154RUS","Refund":1.0,"Fines":2000.0,"Make":"Ford","Model":"Focus"},{"CarNumber":"T195OK161RUS","Refund":1.0,"Fines":6700.0,"Make":"Ford","Model":"Mondeo"},{"CarNumber":"Y966O8197RUS","Refund":2.0,"Fines":20800.0,"Make":"Ford","Model":"Focus"},{"CarNumber":"T914CT197RUS","Refund":2.0,"Fines":7200.0,"Make":"Toyota","Model":"Camry"},{"CarNumber":"E41977152RUS","Refund":2.0,"Fines":2400.0,"Make":"Ford","Model":"Focus"},{"CarNumber":"T171CC96RUS","Refund":1.0,"Fines":1000.0,"Make":"Ford","Model":"Focus"},{"CarNumber":"9464EX178RUS","Refund":2.0,"Fines":2100.0,"Make":"Ford","Model":"Focus"},{"CarNumber":"O50197197RUS","Refund":2.0,"Fines":7800.0,"Make":"Ford","Model":"Focus"},{"CarNumber":"7608EE777RUS","Refund":1.0,"Fines":4000.0,"Make":"Skoda","Model":"Octavia"},{"CarNumber":"X583HE161RUS","Refund":1.0,"Fines":3000.0,"Make":"Ford","Model":"Focus"},{"CarNumber":"Y7229Y50RUS","Refund":2.0,"Fines":2500.0,"Make":"Ford","Model":"Focus"},{"CarNumber":"M6977E152RUS","Refund":1.0,"Fines":500.0,"Make":"Ford","Model":"Focus"},{"CarNumber":"K2797K154RUS","Refund":1.0,"Fines":800.0,"Make":"Ford","Model":"Focus"},{"CarNumber":"8325M7154RUS","Refund":1.0,"Fines":1000.0,"Make":"Ford","Model":"Focus"},{"CarNumber":"Y192O8161RUS","Refund":2.0,"Fines":300.0,"Make":"Ford","Model":"Focus"},{"CarNumber":"7784KT197RUS","Refund":1.0,"Fines":6600.0,"Make":"Ford","Model":"Focus"},{"CarNumber":"96599X178RUS","Refund":1.0,"Fines":500.0,"Make":"Ford","Model":"Focus"},{"CarNumber":"X760HY197RUS","Refund":1.0,"Fines":10100.0,"Make":"Ford","Model":"Focus"},{"CarNumber":"Y358O8197RUS","Refund":2.0,"Fines":10900.0,"Make":"Ford","Model":"Focus"},{"CarNumber":"H966HY161RUS","Refund":1.0,"Fines":500.0,"Make":"Ford","Model":"Focus"},{"CarNumber":"9938KK197RUS","Refund":2.0,"Fines":28500.0,"Make":"Ford","Model":"Focus"},{"CarNumber":"98087H178RUS","Refund":1.0,"Fines":8594.5864661654,"Make":"Ford","Model":"Focus"},{"CarNumber":"K2807K154RUS","Refund":1.0,"Fines":500.0,"Make":"Ford","Model":"Focus"},{"CarNumber":"H977HY161RUS","Refund":1.0,"Fines":600.0,"Make":"Ford","Model":"Focus"},{"CarNumber":"7367C8197RUS","Refund":1.0,"Fines":6000.0,"Make":"Ford","Model":"Focus"},{"CarNumber":"9137X938RUS","Refund":1.0,"Fines":1600.0,"Make":"Ford","Model":"Focus"},{"CarNumber":"Y356O8197RUS","Refund":2.0,"Fines":15300.0,"Make":"Ford","Model":"Focus"},{"CarNumber":"9398MM199RUS","Refund":1.0,"Fines":300.0,"Make":"Volkswagen","Model":"Passat"},{"CarNumber":"8436XX154RUS","Refund":1.0,"Fines":2400.0,"Make":"Ford","Model":"Focus"},{"CarNumber":"8180XX154RUS","Refund":2.0,"Fines":1400.0,"Make":"Ford","Model":"Focus"},{"CarNumber":"E53477152RUS","Refund":1.0,"Fines":7200.0,"Make":"Ford","Model":"Focus"},{"CarNumber":"O718MM163RUS","Refund":2.0,"Fines":3500.0,"Make":"Ford","Model":"Focus"},{"CarNumber":"9677MO178RUS","Refund":1.0,"Fines":1100.0,"Make":"Ford","Model":"Mondeo"},{"CarNumber":"9498KX178RUS","Refund":1.0,"Fines":4000.0,"Make":"Ford","Model":"Focus"},{"CarNumber":"K436MO152RUS","Refund":2.0,"Fines":3000.0,"Make":"Ford","Model":"Focus"},{"CarNumber":"7194TT36RUS","Refund":2.0,"Fines":2300.0,"Make":"Ford","Model":"Focus"},{"CarNumber":"7364C8197RUS","Refund":2.0,"Fines":4500.0,"Make":"Ford","Model":"Focus"},{"CarNumber":"O136HO197RUS","Refund":2.0,"Fines":7800.0,"Make":"Toyota","Model":"Corolla"},{"CarNumber":"O68897197RUS","Refund":2.0,"Fines":12300.0,"Make":"Ford","Model":"Focus"},{"CarNumber":"O718MM163RUS","Refund":2.0,"Fines":8594.5864661654,"Make":"Ford","Model":"Focus"},{"CarNumber":"7065C8197RUS","Refund":2.0,"Fines":11400.0,"Make":"Volkswagen","Model":"Passat"},{"CarNumber":"O22097197RUS","Refund":1.0,"Fines":24300.0,"Make":"Ford","Model":"Focus"},{"CarNumber":"Y163O8161RUS","Refund":2.0,"Fines":1600.0,"Make":"Ford","Model":"Focus"},{"CarNumber":"M0309X197RUS","Refund":1.0,"Fines":22300.0,"Make":"Ford","Model":"Focus"},{"CarNumber":"O673E8197RUS","Refund":2.0,"Fines":600.0,"Make":"Ford","Model":"Focus"},{"CarNumber":"8610T8154RUS","Refund":1.0,"Fines":2000.0,"Make":"Ford","Model":"Focus"},{"CarNumber":"H419XE197RUS","Refund":2.0,"Fines":8594.5864661654,"Make":"Toyota","Model":"Corolla"}]